population,generations,p_add,p_flip,p_mut,cost_mean,cost_median,cost_min,cost_max,cost_count,latency_mean,latency_median,latency_min,latency_max,latency_count,energy_mean,energy_median,energy_min,energy_max,energy_count,qoa_mean,qoa_median,qoa_min,qoa_max,qoa_count,file_unique_solutions_mean,file_unique_solutions_median,file_unique_solutions_min,file_unique_solutions_max,file_unique_solutions_count,time_per_generation_s_mean,time_per_generation_s_median,time_per_generation_s_min,time_per_generation_s_max,time_per_generation_s_count,total_cost_mean,total_cost_median,total_cost_min,total_cost_max,total_cost_count,total_energy_mean,total_energy_median,total_energy_min,total_energy_max,total_energy_count,total_latency_mean,total_latency_median,total_latency_min,total_latency_max,total_latency_count,quality_of_answer_mean,quality_of_answer_median,quality_of_answer_min,quality_of_answer_max,quality_of_answer_count,TOPSIS_Score,Rank
200,200,0.3,0.1,0.3,0.0243416592938416,0.01434,0.0004800433999999,0.1939230498,13720,187.88887283824724,73.27058642752255,11.115,653.83176534,13720,187.8633349642901,68.22352716593245,8.199664096916301,685.1964779399999,13720,0.7553661375773427,0.6504931281979007,0.2681402462178368,1.938980307888329,13720,58.067055393586,57.0,29,105,13720,21.50912831040235,25.46780725955963,13.974493366479871,29.13734428763389,13720,0.0559396648250728,0.0524827999999999,0.00415,0.3018392,13720,51.28207507122789,52.33546433011521,5.56136563876652,229.48203262096337,13720,53.63753076220457,49.409008810572686,7.470000000000001,312.83762743864065,13720,0.6599975393981871,0.641463041305542,-0.1244519501924514,1.000000238418579,13720,0.8858987636289929,2
200,200,0.1,0.1,0.3,0.0290427023210698,0.0206324999999999,0.0004800433999999,0.2328643945999998,12700,191.1565690962412,183.9424714987537,11.115,636.49906488,12700,188.73468955023137,189.55319751540907,8.199664096916301,657.53380434,12700,0.7543537308097107,0.6245160202185313,0.2681402462178368,1.9124780901832683,12700,64.48503937007874,44.0,28,129,12700,21.312880529536976,25.46780725955963,13.974493366479871,29.13734428763389,12700,0.0587237547874015,0.05491,0.00415,0.3135046,12700,53.93324897551878,52.28402653494896,5.56136563876652,223.0844497032803,12700,56.92316670230739,50.40095238095238,7.740000000000001,320.0988231592196,12700,0.6328571022634109,0.5952681303024292,-0.1017477810382843,1.000000238418579,12700,0.7709597432655704,3
200,100,0.1,0.3,0.3,0.0264686731968302,0.0143503797999999,0.0004800433999999,0.1822544760666665,12970,207.954405975306,204.93332959873416,11.115,615.36768981,12970,206.48633612388832,211.1734012437458,8.199664096916301,609.3538148499999,12970,0.8001400125065518,0.6693054378032685,0.1700832817663316,1.9704067221800967,12970,60.546646106399386,47.0,35,110,12970,46.44954242281852,53.57071298837662,27.948986732959742,58.27468857526779,12970,0.0608478390285273,0.0580988,0.00415,0.2815446,12970,56.25684421642817,55.652666290457645,5.56136563876652,223.67613505596825,12970,57.786778105959264,51.59906122790386,7.470000000000001,310.3455093429777,12970,0.666858077725667,0.6234875321388245,-0.1243228688836097,1.000000238418579,12970,0.7325496163194828,4
100,100,0.1,0.1,0.3,0.0311804259189999,0.0201609999999999,0.0005002192,0.2831291849999997,7000,193.1103540916676,216.8270286767097,11.115,590.35148798,7000,201.12911730623424,218.8140694891189,8.199664096916301,720.41432542,7000,0.7638051213965759,0.6260429890893923,0.2681402462178368,1.7246891669045423,7000,41.57142857142857,39.0,25,70,7000,46.25934688942773,50.93561451911926,27.948986732959742,58.27468857526779,7000,0.0602712700285714,0.0579241,0.00425,0.344975,7000,57.12964373564525,55.45031405830457,5.695374449339208,246.9185003661471,7000,57.3295021435722,50.11508503875537,7.740000000000001,288.3566199584167,7000,0.651728951621601,0.6139819622039795,-0.1020525619387626,1.000000238418579,7000,0.7262705352380915,5
100,100,0.1,0.3,0.3,0.027427786575994,0.0214831753999998,0.0004800433999999,0.2461278593999998,6790,223.26466341470044,245.95377265,11.187,624.30097914,6790,222.83479336890412,249.2543951833333,9.023259911894272,671.35742454,6790,0.7880097635830978,0.6697753599475159,0.1700832817663316,1.7597575366084386,6790,43.41237113402062,42.0,21,69,6790,43.26284488840904,50.93561451911926,27.948986732959742,58.27468857526779,6790,0.0608365301620029,0.05719,0.00415,0.3110696,6790,56.40556189096489,54.8940099500298,5.56136563876652,213.52126721763088,6790,59.30341689622562,55.53158590308371,7.470000000000001,267.13265575833856,6790,0.6546721563025053,0.6183980107307434,-0.090403139591217,1.000000238418579,6790,0.7083415128690833,6
200,100,0.1,0.1,0.3,0.0248747987155205,0.0154122222222222,0.0005002192,0.2774355201999998,12430,226.07001860886197,261.6989171185185,11.115,644.92203988,12430,229.97636038446544,265.2421044464785,8.199664096916301,652.4146753,12430,0.775347083731563,0.6570541163285574,0.3190000280737877,2.00802117119056,12430,57.41995172968624,55.0,33,76,12430,66.7786301435469,53.57071298837662,21.29789448261261,190.10594999074937,12430,0.0625924832662912,0.06048,0.00415,0.3359441999999999,12430,57.63474678234614,56.4029817599301,5.56136563876652,221.25927825435016,12430,58.265114696238335,51.74909691629957,7.470000000000001,288.3566199584167,12430,0.6630149461442121,0.6552579402923584,-0.0938917100429534,1.000000238418579,12430,0.6871369973002898,7
200,75,0.1,0.3,0.3,0.030709480725753,0.0246651179,0.0004800433999999,0.2261484637999997,12520,200.61784807650008,206.3646540542269,11.133,615.36768981,12520,199.17203222838455,188.10539425717167,8.442555066079297,658.1858439,12520,0.800243693391084,0.6693054378032685,0.2681402462178368,1.950804013291156,12520,58.62140575079872,62.0,38,75,12520,58.37196267704868,67.91415269215902,37.26531564394633,77.69958476702372,12520,0.0629811908306709,0.0606156,0.00575,0.39147,12520,56.402520044547686,54.8594963046565,7.705506607929516,225.9410743801653,12520,59.32707709373266,52.71916089783931,10.35,287.6933333333334,12520,0.6599791341070711,0.6470896303653717,-0.1017477810382843,1.000000238418579,12520,0.6839389874265881,8
200,200,0.1,0.3,0.3,0.0281562680297532,0.0206324999999999,0.0004800433999999,0.2902019641999999,12410,211.5646405850377,226.3094380460548,11.115,627.60325514,12410,208.24845999198055,234.6955457189281,8.199664096916301,658.1858439,12410,0.7698610306892261,0.6601633429527283,0.2681402462178368,1.9763535111689383,12410,58.63336019339243,66.0,24,84,12410,21.62492846071384,25.46780725955963,13.974493366479871,29.13734428763389,12410,0.0625264609669621,0.0618865999999999,0.00425,0.335088,12410,57.81331416762304,57.957806114172456,5.695374449339208,227.76007915751305,12410,59.96288927802891,55.07281882562873,7.740000000000001,313.18809523809523,12410,0.641488033440827,0.5995575189590454,-0.1155503541231155,1.000000238418579,12410,0.6580389851523462,9
200,75,0.3,0.3,0.3,0.0305732980044841,0.0196613599999999,0.0004800433999999,0.2672323201999997,11490,217.21503680408665,256.96258009582544,11.115,629.50386391,11490,216.97884068787585,258.53405587333333,8.199664096916301,636.6917653,11490,0.7503112628130619,0.6378521422545115,0.318501743917271,1.94890923616632,11490,61.60574412532637,57.0,40,95,11490,56.15993063972346,67.91415269215902,37.26531564394633,77.69958476702372,11490,0.0638676459878154,0.0579248,0.00415,0.3421761999999999,11490,58.80037854180733,56.31126483195254,5.56136563876652,232.0701770582697,11490,60.134763892904616,54.076708860759496,7.470000000000001,287.78333333333336,11490,0.6477152992694843,0.611438512802124,-0.0866071432828903,1.000000238418579,11490,0.6309514368221714,10
200,75,0.3,0.1,0.3,0.0290095083270141,0.0205694999999999,0.0004800433999999,0.2408176001999997,12150,255.50522664205096,324.62187182665195,11.133,653.83176534,12150,257.7251634969509,317.28380928042714,8.442555066079297,658.1858439,12150,0.8846595903478223,0.6842162511808157,0.2898947823716574,2.470565483166645,12150,59.640329218107,54.0,45,79,12150,58.804590081982816,67.91415269215902,37.26531564394633,77.69958476702372,12150,0.065675324164609,0.060935,0.00415,0.3042382,12150,59.672941470008944,58.7514127862526,5.56136563876652,242.6276172542456,12150,62.03695670553245,54.46793592817711,7.470000000000001,336.0862072582337,12150,0.673653622723564,0.6588729619979858,-0.1017477810382843,1.000000238418579,12150,0.5847983512305789,11
100,200,0.3,0.3,0.3,0.0312530950334873,0.0225004822,0.0004800433999999,0.2523117249999999,6490,228.45114968358197,241.7221285578059,11.115,642.5909921599999,6490,222.36749338527304,253.43366220075143,8.442555066079297,658.1858439,6490,0.794483458668405,0.6378521422545115,0.3280731150321094,1.9763535111689383,6490,43.67180277349769,35.0,16,82,6490,21.66479619782952,24.07351055264473,13.974493366479871,29.13734428763389,6490,0.0650216563636363,0.064085,0.00415,0.3018392,6490,59.48631936306492,59.60069337750756,5.56136563876652,222.14369834710743,6490,64.16783160469508,57.94379746835443,7.470000000000001,313.18809523809523,6490,0.6585952273470985,0.6234875321388245,-0.1017477810382843,1.000000238418579,6490,0.5657867003878391,12
200,100,0.3,0.1,0.3,0.0303572944133253,0.0216499152,0.0004800433999999,0.1696027375777777,10430,232.10732454887216,280.869884893038,11.115,650.63523898,10430,231.31082323318444,289.66606215722953,8.199664096916301,601.2944004399999,10430,0.7822335563015642,0.6779091715237522,0.2681402462178368,1.8626025401243933,10430,74.89069990412273,69.0,35,150,10430,43.82590209890304,50.93561451911926,27.948986732959742,58.27468857526779,10430,0.0661242809587727,0.0630217,0.00415,0.322391,10430,61.164763993019065,61.1455146294464,5.56136563876652,225.17333566870195,10430,62.771199051169525,58.00736286919831,7.470000000000001,286.8809523809524,10430,0.6338564709635239,0.611438512802124,-0.1017477810382843,1.000000238418579,10430,0.5407972733326418,13
100,75,0.1,0.1,0.3,0.0275328369680121,0.0239552362333332,0.0004800433999999,0.1608099838444442,6500,217.84830956806664,280.942596655,11.115,576.81694093,6500,225.6827953851157,279.01120232890617,8.199664096916301,658.1858439,6500,0.7790537805481622,0.6781586273006712,0.1956451088190078,1.9704067221800967,6500,43.05230769230769,43.0,25,65,6500,57.459453201636286,67.91415269215902,37.26531564394633,77.69958476702372,6500,0.0693464562153846,0.0639175,0.00425,0.34223,6500,63.76547394974351,60.86593053666702,5.695374449339208,209.7749104683196,6500,60.308788863423054,54.01885462555066,7.740000000000001,262.6295154185022,6500,0.6797838773283964,0.6558732986450195,-0.1155503541231155,1.000000238418579,6500,0.5113800741578143,14
75,100,0.3,0.3,0.3,0.0279079865512405,0.0129885,0.0004800433999999,0.1900753945999998,5150,252.2877055625246,281.37800265000004,11.115,650.63523898,5150,260.0025590299281,297.3428772054332,8.199664096916301,658.1858439,5150,0.8066875710252662,0.6912868113036217,0.3529245891679178,1.9763535111689383,5150,40.19417475728155,30.0,22,70,5150,42.95538056209249,50.93561451911926,27.948986732959742,58.27468857526779,5150,0.0668209900194174,0.062815,0.00425,0.3018392,5150,62.59206769078656,61.80443296531979,5.695374449339208,223.0844497032803,5150,64.25885824169737,58.23,7.740000000000001,320.0988231592196,5150,0.6650576022811668,0.6468070447444916,-0.090403139591217,1.000000238418579,5150,0.5074721951512928,15
200,75,0.1,0.1,0.3,0.0291025550003666,0.0205694999999999,0.0004800433999999,0.1872760361999998,13850,236.81372513129847,279.63590585422696,11.115,642.5909921599999,13850,234.64917562774133,284.9673626236124,8.199664096916301,685.1964779399999,13850,0.8316296484154968,0.6851368910751409,0.1700832817663316,1.9389146645409083,13850,59.55234657039711,61.0,36,88,13850,57.421777350957065,67.91415269215902,37.26531564394633,77.69958476702372,13850,0.0676561479277978,0.0627807,0.00415,0.3018392,13850,62.27202757788448,58.65802721493641,5.56136563876652,224.2315082644628,13850,64.26872628158327,57.07665198237886,7.470000000000001,315.43809523809523,13850,0.6751364286261399,0.6552579402923584,-0.1017477810382843,1.000000238418579,13850,0.5036245439034521,16
100,200,0.3,0.1,0.3,0.0318854057580455,0.021557949,0.0005002192,0.1952942136222222,6400,234.088346576034,249.96483594652824,11.115,632.20221306,6400,238.7793289648606,260.3074024646932,8.442555066079297,838.30087462,6400,0.790911530704207,0.6497697661426597,0.293476933311553,1.814970614274795,6400,43.3078125,38.0,33,54,6400,21.856307556189595,25.46780725955963,10.648947241306304,29.13734428763389,6400,0.06663299128125,0.0618072,0.00498,0.3104704,6400,63.18720332330184,61.91679861172878,6.931528925619835,231.8325970862004,6400,65.12575667644265,58.3976582278481,7.470000000000001,320.0988231592196,6400,0.6645632630637556,0.6528589129447937,-0.1156689301133155,1.000000238418579,6400,0.4926032475924238,17
100,75,0.1,0.3,0.3,0.0296279073026034,0.0172393311777777,0.0004800433999999,0.1919032401999998,6560,251.05944157648727,268.5069249065495,11.133,650.63523898,6560,245.21492503830845,275.3532958199354,8.442555066079297,609.3538148499999,6560,0.796705174871144,0.6776087848090175,0.2681402462178368,1.9763535111689383,6560,50.82164634146341,43.0,23,86,6560,56.96771259234204,67.91415269215902,28.39719264348348,77.69958476702372,6560,0.0669495461280487,0.06027,0.00575,0.3018392,6560,62.27327031643583,57.93917773825714,7.705506607929516,223.0844497032803,6560,66.62219424395332,57.848986784140976,10.35,320.0988231592196,6560,0.6531516133926855,0.6234875321388245,-0.1244519501924514,1.000000238418579,6560,0.47915941718103167,18
200,200,0.3,0.3,0.1,0.0299623593423096,0.0232595068,0.0004800433999999,0.1636023945999999,12670,242.86140361606417,287.09120175000004,11.115,629.50386391,12670,246.00316010764115,303.9354834982148,8.199664096916301,658.1858439,12670,0.7874756253959801,0.6459799647331238,0.1700832817663316,2.470565483166645,12670,51.8689818468824,46.0,38,70,12670,22.304490401874684,25.46780725955963,13.974493366479871,29.13734428763389,12670,0.0687124428571428,0.0616435,0.00425,0.315455,12670,63.65892322467502,60.26532394819315,5.695374449339208,209.2196143546402,12670,63.9025788527431,54.80620253164557,7.470000000000001,293.61521308149645,12670,0.6548462988485324,0.6248643398284912,-0.1017477810382843,1.000000238418579,12670,0.4725035252677402,19
200,75,0.3,0.3,0.1,0.030762439503818,0.0232777481142857,0.0004800433999999,0.2261484637999997,13000,243.84826164776595,252.90528311494705,11.115,657.47242094,13000,237.15228195133705,274.9758475263436,8.442555066079297,737.35361926,13000,0.8441249460146882,0.7480507771890561,0.3551792055368423,1.9763535111689383,13000,62.9,57.0,19,115,13000,57.31476001256552,67.91415269215902,28.39719264348348,77.69958476702372,13000,0.069598870276923,0.063875,0.00415,0.3018392,13000,64.0473636043665,62.80438330369286,5.56136563876652,222.14369834710743,13000,67.5033271015475,59.57722466960353,7.740000000000001,313.18809523809523,13000,0.6823810918478367,0.6837664842605591,-0.104050688445568,1.000000238418579,13000,0.4238826396309909,20
100,200,0.1,0.3,0.3,0.03038403386057,0.0252102117999999,0.0004800433999999,0.1817408593999998,6910,248.17735871515143,294.206966241887,11.115,598.9570925405719,6910,257.3479412612538,300.0300469689427,8.442555066079297,657.53380434,6910,0.8013809270199708,0.6891554689811935,0.2401944541402655,1.9161906251391485,6910,49.87698986975398,51.0,29,63,6910,21.570077631442487,25.46780725955963,13.974493366479871,29.13734428763389,6910,0.07082423617945,0.0650606,0.00415,0.315455,6910,65.86675910293584,63.33335972787599,5.56136563876652,222.9181493880113,6910,64.17812698096307,58.51389753659787,7.470000000000001,294.0276793248945,6910,0.6674692465390002,0.6479809284210205,-0.0663528442382812,1.000000238418579,6910,0.4215020843576249,21
100,75,0.3,0.3,0.3,0.0297774881373961,0.0212292773999999,0.0004800433999999,0.2175560497999998,6880,267.7224080455886,287.09120175000004,11.115,650.63523898,6880,257.86218251692145,305.83385566,8.199664096916301,601.2944004399999,6880,0.8516276940197945,0.7863487197313177,0.1700832817663316,1.9704067221800967,6880,53.72093023255814,47.0,30,81,6880,58.35194188938584,71.42761731783548,37.26531564394633,77.69958476702372,6880,0.0679576227616279,0.0626686999999999,0.00425,0.2901374,6880,64.8071957555602,60.94274984526888,5.695374449339208,232.6907247227552,6880,69.1081662157604,62.51503039089946,7.740000000000001,310.3455093429777,6880,0.6658822720814875,0.6552579402923584,-0.1017477810382843,1.000000238418579,6880,0.4131611056177898,22
200,100,0.1,0.3,0.1,0.0343743507555356,0.0238701164,0.0005002192,0.2042205601999998,13610,252.20487757484983,289.312852596652,11.115,606.47188007,13610,248.3067145821128,287.43197192606766,8.199664096916301,636.6917653,13610,0.8289271149902295,0.6854447297571292,0.2681402462178368,2.0100517363769823,13610,50.33357825128582,45.0,33,74,13610,43.13990265454552,50.93561451911926,27.948986732959742,58.27468857526779,13610,0.0697445110800881,0.0641621,0.00425,0.307315,13610,64.17104078196601,61.46746703620102,5.695374449339208,222.4520316804408,13610,68.13486076474982,60.075207956600366,7.740000000000001,287.6933333333334,13610,0.6714653261001773,0.6552579402923584,-0.090403139591217,1.000000238418579,13610,0.40987621764520554,23
75,100,0.1,0.3,0.3,0.0338441618404292,0.01835625,0.0004800433999999,0.3211624001999997,5250,245.78909637934996,273.5742313624094,11.205000000000002,661.02401808,5250,250.93132859456315,289.68884353179067,9.023259911894272,735.8453636,5250,0.8020974853863871,0.6459799647331238,0.320825373288244,1.9763535111689383,5250,42.71428571428572,50.0,17,65,5250,42.19763105085918,50.93561451911926,21.29789448261261,58.27468857526779,5250,0.0718272783238095,0.0647843999999999,0.00415,0.3624,5250,64.94433351711133,60.79743423754075,5.56136563876652,235.4505617742442,5250,65.38251848275763,54.86635021097046,7.470000000000001,320.0988231592196,5250,0.6659243933040472,0.6442151069641113,-0.0866071432828903,1.000000238418579,5250,0.4048298290672256,24
75,75,0.3,0.3,0.3,0.0302647636262997,0.0236222222222222,0.0005002192,0.1817408593999998,5010,254.54366472551575,295.4327003,11.115,650.63523898,5010,263.6737294059216,298.39168945385336,13.13286343612335,657.53380434,5010,0.8153911001532911,0.677347185885073,0.3012622222304344,2.009973418381324,5010,42.78842315369261,42.0,27,64,5010,57.243166784259856,67.91415269215902,37.26531564394633,77.69958476702372,5010,0.0718456436726546,0.063595,0.00415,0.33999,5010,66.3687579797213,61.95712383398629,5.56136563876652,223.0844497032803,5010,64.94956260100109,54.94987341772152,7.470000000000001,320.0988231592196,5010,0.6723082538645812,0.6558732986450195,-0.1243228688836097,1.000000238418579,5010,0.3958847300516427,25
75,75,0.1,0.3,0.3,0.0313996996758317,0.0231180239142857,0.0004800433999999,0.1610134155999998,5090,249.62619578874015,293.68478987820106,11.205000000000002,654.12120008,5090,252.4083025502069,281.0336134162025,9.023259911894272,657.53380434,5090,0.806840947589339,0.6833167025846859,0.3494884800076757,1.9136334857750463,5090,40.72495088408645,31.0,23,66,5090,57.13316457378061,67.91415269215902,37.26531564394633,77.69958476702372,5090,0.0723329758349705,0.0650925,0.0058,0.39147,5090,66.44084866382748,61.14165810480056,7.77251101321586,231.8325970862004,5090,66.6067567521225,55.441585903083705,10.44,286.8809523809524,5090,0.665890844111479,0.6442151069641113,-0.0866071432828903,1.000000238418579,5090,0.36683595184867224,26
100,100,0.3,0.1,0.3,0.0320177801976746,0.0232979239142857,0.0005002192,0.2715609934,6130,246.1901032212667,284.3928526,11.115,636.9972420899999,6130,252.2768845761524,321.88408207,8.199664096916301,668.3684728599999,6130,0.8015605619113825,0.6643316126849915,0.3503205015346988,1.884006646356676,6130,49.73246329526917,38.0,18,79,6130,43.80912771613135,50.93561451911926,27.948986732959742,58.27468857526779,6130,0.0717210959216965,0.067425,0.00425,0.29287,6130,66.27106036653242,64.59207921734698,5.695374449339208,221.25927825435016,6130,67.18994222677142,61.22101321585904,7.740000000000001,296.8083469687434,6130,0.6511699233613574,0.6235641837120056,-0.1243228688836097,1.000000238418579,6130,0.36489379396558524,27
75,100,0.3,0.1,0.3,0.0330690591944121,0.0230249489999999,0.0004800433999999,0.1900753945999998,4920,244.9280984143978,258.6793411251959,11.133,642.5909921599999,4920,250.6025988186579,263.491359296694,8.442555066079297,584.2492225799999,4920,0.7773555613109481,0.6456468334056555,0.3551792055368423,1.9763535111689383,4920,41.46138211382114,42.0,14,65,4920,43.88497754891229,50.93561451911926,21.29789448261261,58.27468857526779,4920,0.0715343451626016,0.063525,0.00575,0.3536849999999999,4920,66.90634128035585,62.92210246234877,7.705506607929516,223.31454493147825,4920,67.73237843030881,60.49952380952381,10.35,320.0988231592196,4920,0.6558689180025226,0.6183980107307434,-0.1133830845355987,1.000000238418579,4920,0.3550655044386424,28
75,200,0.3,0.3,0.3,0.0331218955926489,0.0284819999999999,0.0005150163999999,0.2118700097999999,4690,232.48007769949297,258.5026736798942,11.115,590.4699994,4690,243.39609943376772,273.09730754810573,8.442555066079297,720.41432542,4690,0.7860456511015405,0.647401190466351,0.3395885667963883,1.8186575916628664,4690,39.92537313432836,39.0,13,60,4690,22.906279121589048,26.78535649418831,13.974493366479871,29.13734428763389,4690,0.0725439798720682,0.066435,0.00575,0.2709446,4690,67.81757939197746,64.85622431516977,7.705506607929516,216.0816873278237,4690,66.79678481664332,59.54687073312568,10.35,284.76932242500527,4690,0.6685334409041993,0.6552579402923584,-0.1243228688836097,1.000000238418579,4690,0.34800311625716457,29
100,75,0.1,0.1,0.1,0.0374743641702879,0.0217709065,0.0004800433999999,0.2064603875777776,7000,251.4066005917296,273.03145021790044,11.133,616.9270499899999,7000,258.85688114276206,289.04046682592593,8.442555066079297,627.82672831,7000,0.795591331336909,0.6653080770333888,0.3418512687474854,1.724351436659771,7000,44.71428571428572,47.0,8,69,7000,57.2936310450236,71.42761731783548,28.39719264348348,77.69958476702372,7000,0.0702666213999999,0.0672925,0.00575,0.2678368,7000,67.29246220487234,65.29408885023363,7.705506607929516,221.9770316804408,7000,69.92423269752757,64.92841632744103,10.35,312.1404761904762,7000,0.654267619373676,0.6002402901649475,-0.1017477810382843,1.000000238418579,7000,0.34285503276219426,30
100,200,0.1,0.1,0.3,0.0352920937527105,0.029421875,0.0004800433999999,0.1459097933999998,5730,239.9693860548769,257.537022325226,11.115,627.9710877,5730,243.2499230558026,284.7984549231184,8.199664096916301,685.1964779399999,5730,0.8199531722856035,0.7043533889280916,0.318501743917271,1.894876074976723,5730,41.82373472949389,34.0,20,67,5730,21.402500233271567,25.46780725955963,13.974493366479871,29.13734428763389,5730,0.0729120258289703,0.0658624999999999,0.00425,0.39147,5730,67.62645256049797,62.03134887987565,5.695374449339208,229.18307644931497,5730,67.70316118704937,60.37857142857143,7.740000000000001,318.824589888819,5730,0.6748092499933812,0.6552579402923584,-0.0679920092225074,1.000000238418579,5730,0.33700864104114586,31
200,100,0.3,0.1,0.1,0.0323932321583742,0.021225,0.0005002192,0.2181869945999998,13650,261.8165171660585,290.118006362226,11.133,642.5909921599999,13650,256.2587541607092,301.6645186955948,9.023259911894272,789.7456439,13650,0.8217928736911462,0.7009065915605204,0.318501743917271,1.9704067221800967,13650,52.26373626373626,49.0,20,92,13650,43.54559565463782,50.93561451911926,27.948986732959742,58.27468857526779,13650,0.0720560292747252,0.0649,0.00415,0.3018392,13650,66.71656634077253,62.01948769593709,5.56136563876652,219.97565322383792,13650,69.62003777504711,58.92731163351416,7.963612334801763,295.42884623452903,13650,0.6668555914926524,0.6497901678085327,-0.1243228688836097,1.000000238418579,13650,0.33272836655490173,32
200,100,0.1,0.1,0.1,0.0322370384920229,0.0233197561142857,0.0004800433999999,0.2005131755555554,13350,276.97200604232285,309.2523736,11.133,650.63523898,13350,266.55263010075606,285.46588875040624,8.442555066079297,657.4159265599999,13350,0.8636723981196934,0.7505260547117314,0.1700832817663316,2.376038197353296,13350,64.24719101123596,48.0,30,144,13350,42.649573127680505,50.93561451911926,27.948986732959742,58.27468857526779,13350,0.0701232880299625,0.0617203999999999,0.0051,0.2917536,13350,67.07992331828783,62.19427593895183,7.705506607929516,223.0844497032803,13350,72.22916985938714,66.19308370044052,10.35,320.0988231592196,13350,0.6645182533453006,0.6552579402923584,-0.1243228688836097,1.000000238418579,13350,0.32819642612626077,33
75,100,0.1,0.1,0.3,0.0338045364347361,0.0260914222222222,0.0004800433999999,0.2719609434,5250,265.52666137511915,306.00720814864553,11.115,589.57321194,5250,266.2406408807695,300.81869366117314,8.442555066079297,606.1694202000001,5250,0.8180329268535319,0.6917382653173269,0.3395885667963883,2.470565483166645,5250,41.85714285714285,45.0,28,53,5250,43.17660377877099,50.93561451911926,27.948986732959742,58.27468857526779,5250,0.0712433541714285,0.064814,0.00575,0.3428996,5250,66.7094638637027,63.084267484617904,7.705506607929516,215.8981749311295,5250,71.06682114664905,63.93666666666667,10.35,232.42380952380952,5250,0.6614902290409165,0.6407628655433655,-0.1017477810382843,1.000000238418579,5250,0.32668144955912176,34
75,75,0.3,0.1,0.3,0.0291386012283572,0.0177245095999999,0.0004800433999999,0.1872760361999998,5040,268.989006304665,320.4814105966464,11.340000000000002,630.0141782399999,5040,279.3930802596495,316.772816717993,8.702197136563878,692.0815858000001,5040,0.8094573001289197,0.6543107063845188,0.3378570415079593,1.9704067221800967,5040,43.60714285714285,43.0,16,61,5040,56.99135452671656,67.91415269215902,37.26531564394633,77.69958476702372,5040,0.0731107148412698,0.0650212,0.00415,0.321675,5040,68.50509685667711,62.450826446281,5.56136563876652,224.2315082644628,5040,67.6982872477346,60.45541850220265,7.470000000000001,315.43809523809523,5040,0.675927346826361,0.6478336453437805,-0.1155503541231155,1.000000238418579,5040,0.32606687205018364,35
75,200,0.1,0.1,0.3,0.0332102844825797,0.0233693443571428,0.0005002192,0.1913498097999999,5140,268.4054869606084,311.0897963,11.115,630.0141782399999,5140,275.07461074809606,306.30405000163,9.104223568281938,676.65875736,5140,0.8158667368507592,0.7047660057234134,0.3241934221651819,1.9763535111689383,5140,43.08560311284047,47.0,21,64,5140,18.64530154885949,14.3929603099823,9.181082197427749,29.13734428763389,5140,0.0742407224902723,0.069895,0.00415,0.383994,5140,67.04884611000664,63.18099697657904,5.56136563876652,232.23915389376344,5140,68.84678104756262,62.107929515418505,7.470000000000001,323.847619047619,5140,0.658108639972944,0.6402654647827148,-0.1027825772762298,1.000000238418579,5140,0.30682447885700137,36
200,100,0.3,0.3,0.1,0.0335483436655646,0.0296321984,0.0004800433999999,0.1788392933999998,13180,261.0201495224756,287.9598129490749,11.115,661.02401808,13180,259.1258615750921,304.22461182134845,8.702197136563878,627.82672831,13180,0.8317294937514165,0.800257113997225,0.2681402462178368,2.00802117119056,13180,64.4309559939302,58.0,40,93,13180,44.071927010199005,50.93561451911926,27.948986732959742,58.27468857526779,13180,0.0727240173292868,0.066415,0.00415,0.3261311999999999,13180,68.22084852778782,63.91425968853456,5.56136563876652,221.37049893205185,13180,69.66737727710229,65.22161736941473,7.470000000000001,268.3572036920495,13180,0.6523441606353861,0.6188259124755859,-0.1017477810382843,1.000000238418579,13180,0.30178179318902304,37
75,200,0.3,0.1,0.3,0.030189447433203,0.024822,0.0005002192,0.1589074705111109,5240,262.45598304586986,320.70746337422696,11.115,653.83176534,5240,266.7117404797212,312.3846616554528,8.199664096916301,727.97242938,5240,0.7974013025323414,0.6621003483222656,0.358511823675933,2.376038197353296,5240,40.85687022900763,40.0,21,60,5240,22.63479085904269,25.46780725955963,10.648947241306304,29.13734428763389,5240,0.0749307748473282,0.06832,0.00425,0.3119192,5240,68.70159660060341,65.09172142359094,5.695374449339208,216.28119834710745,5240,67.8231121184283,59.20236836584854,7.740000000000001,299.8469708411999,5240,0.6673959409483915,0.6424977779388428,-0.0679920092225074,1.000000238418579,5240,0.296869541873161,38
200,200,0.1,0.3,0.1,0.0424883160677131,0.0327871655999999,0.0004800433999999,0.2972055946,13590,236.2092862264553,248.18476818083144,11.115,563.72981268,13590,234.71953760640253,247.9514615174684,8.199664096916301,658.1858439,13590,0.8257686372834055,0.6917382653173269,0.3551792055368423,1.9704067221800967,13590,53.700515084621046,55.0,20,91,13590,21.650514256812087,25.46780725955963,13.974493366479871,29.13734428763389,13590,0.0734592983075791,0.06351,0.00425,0.3135046,13590,68.0928212924575,61.43220191502531,5.695374449339208,229.24486319947576,13590,69.82882859335984,64.42759387455423,7.740000000000001,258.4621795678624,13590,0.665218269841326,0.6503958702087402,-0.1243228688836097,1.000000238418579,13590,0.2961943466227594,39
75,200,0.1,0.3,0.3,0.0311362263351016,0.0231112498,0.0004800433999999,0.1843476253555555,4910,282.6457746663237,324.52063279582546,11.115,624.30097914,4910,287.674038121503,325.95141228134844,8.199664096916301,671.35742454,4910,0.8778629846376327,0.7468057294608439,0.3395885667963883,2.210547148462189,4910,46.86150712830957,43.0,19,63,4910,22.39425474781854,25.46780725955963,10.648947241306304,29.13734428763389,4910,0.0730565845621181,0.0676488,0.00425,0.39147,4910,68.46309435776804,65.62878126248623,5.695374449339208,225.9410743801653,4910,70.73890624001407,62.751666666666665,7.740000000000001,313.18809523809523,4910,0.6712420921690209,0.6552579402923584,-0.090403139591217,1.000000238418579,4910,0.2903353790119019,40
100,100,0.3,0.3,0.3,0.0326554093785511,0.023725,0.0004800433999999,0.1872760361999998,5890,268.632574092371,330.5404295,11.115,632.20221306,5890,271.49458051701407,329.84608722021994,8.442555066079297,658.1858439,5890,0.8268667904642227,0.7077131803178239,0.3147747814655304,1.9704067221800967,5890,48.85229202037351,50.0,26,60,5890,42.56966313232591,50.93561451911926,21.29789448261261,58.27468857526779,5890,0.0739295822750424,0.0669325,0.00575,0.386805,5890,68.07503946976051,64.31150564682223,7.705506607929516,224.2315082644628,5890,70.21927627771804,60.64,10.35,315.43809523809523,5890,0.673004967355484,0.6588729619979858,-0.0911950170993805,1.000000238418579,5890,0.2895474533706875,41
75,75,0.1,0.1,0.3,0.037051838610075,0.0281177111999999,0.0005002192,0.1913498097999999,5010,261.2252448705866,295.54369345,12.078,630.7997814999999,5010,264.2685714357104,305.5158080140529,8.442555066079297,638.5756219,5010,0.8066054086167265,0.7043533889280916,0.2898947823716574,1.707953962694554,5010,43.137724550898206,44.0,35,54,5010,56.961191777193136,67.91415269215902,27.208801972071324,77.69958476702372,5010,0.0732718095409181,0.0673025,0.00415,0.248365,5010,68.63563076800286,63.54179892049977,5.56136563876652,211.26657713498625,5010,70.2990521450931,62.09952380952381,7.470000000000001,267.0100734214391,5010,0.6670809066813521,0.6453868746757507,-0.0998669117689132,1.000000238418579,5010,0.2884693287779038,42
75,200,0.1,0.3,0.1,0.0391962415897111,0.0260702,0.0005247588,0.1582301397999999,5250,242.72994851167255,263.15340046747434,11.115,624.30097914,5250,255.72648050726391,302.8737862663629,9.023259911894272,671.35742454,5250,0.8287821523850339,0.7093560790342515,0.2237825343698196,1.9704067221800967,5250,40.142857142857146,38.0,29,52,5250,21.58830188938549,25.46780725955963,13.974493366479871,29.13734428763389,5250,0.0761492003809523,0.0684475,0.00415,0.3428996,5250,69.2657975760518,63.34069730396845,5.56136563876652,223.67613505596825,5250,68.36907477705691,59.04138976295364,7.470000000000001,288.3566199584167,5250,0.6743219905059252,0.6558732986450195,-0.0715721175074577,1.000000238418579,5250,0.2736946301288336,43
200,75,0.1,0.3,0.1,0.0354986480679335,0.0258714399999999,0.0004800433999999,0.1851251894444443,13280,259.70013136786326,259.26196020288967,11.115,657.47242094,13280,259.35212276361864,276.9723688385124,8.199664096916301,737.35361926,13280,0.8568855839024663,0.7726705419621616,0.3395885667963883,1.964329666919052,13280,58.43975903614458,67.0,30,95,13280,56.81742364971514,67.91415269215902,37.26531564394633,77.69958476702372,13280,0.0753009651506024,0.068275,0.00425,0.31133,13280,69.0369987614939,65.85047690293177,5.695374449339208,213.09670676849044,13280,70.39263855416289,63.940686868847806,7.470000000000001,267.13265575833856,13280,0.6911708991462996,0.6874703168869019,-0.090403139591217,1.000000238418579,13280,0.2718682468209694,44
200,75,0.1,0.1,0.1,0.0332783009248502,0.0253280195999999,0.0004800433999999,0.2072197933999998,14000,270.3649199043773,301.3872155858951,11.115,598.12672264,14000,265.4737228087024,313.2562885101836,8.199664096916301,587.85973625,14000,0.8701411470429361,0.7694214114294319,0.1700832817663316,1.9892843109529308,14000,56.0,52.0,35,73,14000,57.56880503836132,67.91415269215902,37.26531564394633,77.69958476702372,14000,0.0751418722428571,0.073195,0.00415,0.3005922,14000,67.82547259517519,65.19561983471075,5.56136563876652,229.18307644931497,14000,71.59491633481352,63.11198312236287,7.470000000000001,318.824589888819,14000,0.6744766644423029,0.6558732986450195,-0.1017477810382843,1.000000238418579,14000,0.2633079204630457,45
100,200,0.3,0.3,0.1,0.0380126277699058,0.0280827381999999,0.0004800433999999,0.2774355201999998,6880,238.2706326978629,278.6093472933232,11.115,650.63523898,6880,243.37752510843703,289.5998777839915,8.442555066079297,789.7456439,6880,0.8089036153288273,0.6578050992110455,0.3280731150321094,1.950880025769156,6880,48.29651162790697,40.0,31,72,6880,21.71934171671784,25.46780725955963,13.974493366479871,29.13734428763389,6880,0.0749929872093023,0.0654579999999999,0.00415,0.313425,6880,69.68939223843887,63.239141595922014,5.56136563876652,222.3536813474213,6880,69.72383827295062,59.16458883994127,7.740000000000001,287.01932242500527,6880,0.6690275084542728,0.6558732986450195,-0.1243228688836097,1.000000238418579,6880,0.2632441270552888,46
75,100,0.3,0.3,0.1,0.0344870388541532,0.0253218,0.000520395,0.1636529049999999,4890,264.6500517278534,298.13104945,11.205000000000002,593.54801434,4890,263.9349781304096,305.9526009730578,8.199664096916301,520.3326083100001,4890,0.8559525863800921,0.6912868113036217,0.3012622222304344,1.9136334857750463,4890,38.8077709611452,41.0,20,59,4890,42.28431511901882,50.93561451911926,21.29789448261261,58.27468857526779,4890,0.0758341292024539,0.0688488999999999,0.00415,0.33999,4890,69.9623799480448,64.82565041225536,5.56136563876652,229.48203262096337,4890,70.40654347589789,61.36709670652402,7.470000000000001,312.83762743864065,4890,0.6806470531368426,0.6595391035079956,-0.109855905175209,1.000000238418579,4890,0.24916353755521234,47
100,200,0.1,0.3,0.1,0.0330821399132675,0.0238701164,0.0004800433999999,0.1650104390444444,7000,282.9189183047295,307.4727358,11.115,636.49906488,7000,287.22172506242623,308.9502219078254,9.023259911894272,866.5832584399999,7000,0.8439845958731343,0.6769610047396559,0.318501743917271,1.937452775675445,7000,41.71428571428572,42.0,27,62,7000,19.073405561276843,14.3929603099823,9.181082197427749,29.13734428763389,7000,0.0752665471428571,0.06637,0.00415,0.29696,7000,68.946170417766,63.69439363868787,5.56136563876652,215.8921143250689,7000,71.96633067386125,66.04095438576925,7.470000000000001,296.1404761904762,7000,0.6695051835208599,0.6552579402923584,-0.0679920092225074,1.000000238418579,7000,0.24237193920837521,48
100,75,0.3,0.1,0.3,0.0328244661293462,0.0237218594,0.0004800433999999,0.1608108057999998,5920,260.4640851316624,317.8365180371135,11.115,629.50386391,5920,254.40659446779296,305.83385566,8.199664096916301,658.1858439,5920,0.825256617766858,0.7233047429676831,0.2079602899029851,1.9763535111689383,5920,52.39358108108108,41.0,26,87,5920,55.03238834087913,67.91415269215902,28.39719264348348,77.69958476702372,5920,0.0750690555743243,0.06683,0.00415,0.37693,5920,69.40771329616562,63.66347342088604,5.56136563876652,225.42442410293967,5920,72.13997957334001,63.402872637037866,7.740000000000001,320.0988231592196,5920,0.6684686745571231,0.6558732986450195,-0.1042836233973503,1.000000238418579,5920,0.23767974610196718,49
100,100,0.1,0.3,0.1,0.037597366385204,0.0278157109444443,0.0004800433999999,0.2672323201999997,7000,264.9270104325813,297.8762091171656,11.741530837004404,629.50386391,7000,265.4201227531216,305.22102025308016,11.405407319952774,601.2944004399999,7000,0.8432182051042533,0.7138358383502541,0.3012622222304344,2.210547148462189,7000,47.0,46.0,23,80,7000,43.17660377877099,50.93561451911926,27.948986732959742,58.27468857526779,7000,0.0760477592571428,0.06858,0.00738,0.315455,7000,69.52319221750889,63.90190857221992,10.105,224.5398415977961,7000,71.24428473812767,63.82666666666667,10.89,320.0988231592196,7000,0.6658355626413333,0.6440814733505249,-0.1017477810382843,1.000000238418579,7000,0.23195908852384062,50
200,100,0.3,0.3,0.3,0.0283292867480633,0.0224627998555554,0.0004800433999999,0.1738633533999999,8180,290.3461527062596,330.595926075,11.115,626.48901396,8180,285.46778852546385,339.4139644735829,8.199664096916301,658.1858439,8180,0.8736117575897789,0.7827430970663782,0.1700832817663316,2.210547148462189,8180,63.46699266503668,57.0,38,96,8180,44.683974834109286,50.93561451911926,27.948986732959742,58.27468857526779,8180,0.0749351980684596,0.065831,0.00425,0.39147,8180,71.6419461040506,64.50757399788839,5.695374449339208,257.4311246518454,8180,73.86253170742908,63.79761904761905,7.740000000000001,295.42884623452903,8180,0.6924166878512298,0.6963756680488586,-0.1155503541231155,1.000000238418579,8180,0.22242796520837363,51
100,75,0.3,0.3,0.1,0.0364805341301056,0.0281042167999999,0.0004800433999999,0.2972055946,6880,266.5956048467002,289.9785203819383,11.115,627.60325514,6880,263.5398367626713,306.75665804164555,8.442555066079297,671.35742454,6880,0.8606074042608868,0.725256090085862,0.3551792055368423,1.9074460565274525,6880,44.27906976744186,41.0,28,77,6880,51.0948824473869,38.38122749328613,24.48288585980733,77.69958476702372,6880,0.0741539341860465,0.0665725,0.0051,0.3135046,6880,70.14393105455696,65.4270464557469,7.18206611570248,212.85299037556229,6880,74.3926367563806,66.75098594503882,7.740000000000001,287.01932242500527,6880,0.6631295409456957,0.6397033929824829,-0.1025679633021354,1.000000238418579,6880,0.2207888696723088,52
75,100,0.3,0.1,0.1,0.0348793812595843,0.0243505777777777,0.0005002192,0.1866536467999999,5240,268.25976004519833,322.3788717866835,11.115,619.6253991399999,5240,277.81859200678304,321.67652102362274,10.313780991735538,658.1858439,5240,0.8073311386168136,0.6619177489713954,0.3551792055368423,2.210547148462189,5240,37.45992366412214,29.0,21,58,5240,40.61936380632051,38.69432010889053,24.71260975122452,58.27468857526779,5240,0.0777221822900763,0.070255,0.00415,0.2755642,5240,71.82160319641687,65.45905625646057,5.56136563876652,221.25927825435016,5240,69.93122824051065,60.85585903083701,7.740000000000001,289.1309523809524,5240,0.672194187599412,0.6552579402923584,-0.090403139591217,1.000000238418579,5240,0.2124880572927479,53
200,200,0.1,0.1,0.1,0.0352056476773468,0.0225004822,0.0004800433999999,0.2797772237999997,14000,294.8776438014712,327.9120808516255,11.115,653.83176534,14000,292.7052875412913,324.97942107815595,8.199664096916301,704.9474175600001,14000,0.9064320572383594,0.7814098546154106,0.2898947823716574,1.9389146645409083,14000,54.0,55.0,32,72,14000,21.58830188938549,25.46780725955963,13.974493366479871,29.13734428763389,14000,0.0759999311428571,0.0647108,0.00425,0.33682,14000,70.71254352894351,64.9593234412941,5.695374449339208,258.49513128988394,14000,72.86485329411138,66.4626830291588,7.740000000000001,268.8962093559891,14000,0.6650994300992628,0.6503958702087402,-0.1155503541231155,1.000000238418579,14000,0.20278931131983416,54
75,75,0.1,0.3,0.1,0.0342265281579303,0.0281103125999999,0.0004800433999999,0.2672828305999997,5220,278.7666239848085,318.86581683500003,11.133,603.4570301199999,5220,284.3788763888693,321.11299751540906,8.442555066079297,720.41432542,5220,0.8218243826039948,0.7360452651516678,0.318501743917271,1.9389146645409083,5220,41.60919540229885,39.0,30,63,5220,54.07957970681319,38.38122749328613,24.48288585980733,102.14224553743998,5220,0.075770060651341,0.0695,0.00575,0.2695624,5220,71.43444972157909,66.13863870706989,7.705506607929516,226.79467630853995,5220,72.61628620015533,66.25921243889292,10.35,254.79047619047617,5220,0.660181617857246,0.6402654647827148,-0.090403139591217,1.000000238418579,5220,0.1993613927895962,55
100,200,0.1,0.1,0.1,0.0357199123445192,0.0285314026999999,0.0004800433999999,0.1919032401999998,7000,290.32627388397293,328.16275927000004,11.205000000000002,621.44682855,7000,287.20345203774906,328.41657972540906,8.442555066079297,540.9115638,7000,0.8735413170335334,0.7276797046700376,0.1700832817663316,2.210547148462189,7000,49.0,50.0,28,77,7000,21.97459800583976,26.78535649418831,13.974493366479871,29.13734428763389,7000,0.0747625748857142,0.066435,0.00575,0.2809196,7000,71.87640396354134,65.54696551857627,7.705506607929516,228.2520989817624,7000,74.67977124157152,66.26139240506329,10.89,313.7752898752765,7000,0.6693647859629377,0.6552579402923584,-0.1017477810382843,1.000000238418579,7000,0.1988089977013207,56
100,100,0.3,0.3,0.1,0.0341082399236269,0.0251946478666666,0.0004800433999999,0.2672323201999997,6610,273.81889408417703,312.5119035645569,11.115,650.63523898,6610,272.14450655155986,330.2584698240529,8.199664096916301,571.4342686099999,6610,0.853317446496309,0.7316122746510663,0.2681402462178368,1.814970614274795,6610,49.1285930408472,35.0,22,78,6610,41.46766619898728,50.93561451911926,21.29789448261261,58.27468857526779,6610,0.0775395041452344,0.0707501,0.00425,0.267986,6610,70.71848826738344,64.61058591521947,5.695374449339208,229.48203262096337,6610,72.1104815803124,64.31146347648523,7.740000000000001,320.0988231592196,6610,0.6747611853204606,0.6558732986450195,-0.1244519501924514,1.000000238418579,6610,0.19801696306333405,57
100,75,0.3,0.1,0.1,0.0320925950227142,0.0241199624,0.0004800433999999,0.1756403546,7000,281.2013504199207,329.6139485863436,11.187,661.02401808,7000,276.8829565643212,328.5059230231718,9.023259911894272,598.72720338,7000,0.8450565885358501,0.7289016453710083,0.1700832817663316,1.9389146645409083,7000,51.85714285714285,54.0,18,81,7000,56.26350806781224,67.91415269215902,28.39719264348348,77.69958476702372,7000,0.0760477937142857,0.0705099999999999,0.00498,0.3624,7000,70.9876694934939,67.55258238309447,7.77251101321586,235.4505617742442,7000,72.88544085384714,64.29449339207049,10.44,295.42884623452903,7000,0.6615151551424393,0.6245057880878448,-0.1027825772762298,1.000000238418579,7000,0.19722455993375623,58
75,200,0.3,0.3,0.1,0.0319922366869864,0.0221338915555554,0.0004800433999999,0.1887010269999999,5240,293.4430432776151,334.11706150771016,11.205000000000002,678.2499791399999,5240,298.41269105962,344.0914562590676,15.886744493392072,802.91722454,5240,0.7992247555733958,0.6622143967519569,0.3190000280737877,2.210547148462189,5240,37.45229007633588,34.0,25,60,5240,21.577430710321615,25.46780725955963,13.974493366479871,29.13734428763389,5240,0.0764789926717557,0.068055,0.00595,0.33935,5240,71.132671641524,62.94043932581008,7.973524229074891,237.11226678074297,5240,73.23905060148762,60.93922907488987,10.71,269.1217033773862,5240,0.6620853892527521,0.6183980107307434,-0.090403139591217,1.000000238418579,5240,0.18663923672392607,59
75,100,0.1,0.3,0.1,0.0348377810868782,0.02807125,0.0004800433999999,0.1427064001999999,5100,266.9644082329553,308.60113292,11.205000000000002,683.9631782399999,5100,269.75271780072654,310.9662168507376,11.207363636363638,808.21855736,5100,0.7810665220059617,0.6594654635833792,0.2681402462178368,2.009973418381324,5100,39.26470588235294,35.0,24,57,5100,61.570920107154286,53.57071298837662,21.29789448261261,190.10594999074937,5100,0.0767830346274509,0.0698375,0.012915,0.2342026,5100,71.7362395772616,63.62215756529624,10.27202479338843,229.48203262096337,5100,72.03601749655569,65.46000000000001,11.070000000000002,312.83762743864065,5100,0.6469067503566689,0.611438512802124,-0.1155503541231155,1.000000238418579,5100,0.18321079535145546,60
100,100,0.1,0.1,0.1,0.0410185028796893,0.0295521428571428,0.0004800433999999,0.1579986439999999,6950,253.0276914755101,289.312852596652,11.196000000000002,583.99054854,6950,259.9562299097844,307.6026720533333,15.886744493392072,692.0815858000001,6950,0.8327750558478033,0.7030666815384432,0.1700832817663316,1.7597575366084386,6950,41.82014388489208,44.0,27,53,6950,43.87997646508457,53.57071298837662,27.948986732959742,58.27468857526779,6950,0.0779363975539568,0.06742,0.00595,0.2801366,6950,71.43482204309711,62.95769723668403,7.973524229074891,209.5707438016529,6950,72.69947862607319,62.51016422238333,10.71,293.2433188083687,6950,0.667651402956183,0.641463041305542,-0.0866071432828903,1.000000238418579,6950,0.17439943691358842,61
100,200,0.3,0.1,0.1,0.0379643580811888,0.0281865329999999,0.0005002192,0.299379297,6980,294.0591225675513,328.92662386666666,11.187,656.16541668,6980,297.2334892104226,323.2232898856841,9.104223568281938,755.9961542599999,6980,0.8358103945537589,0.733080697306703,0.318501743917271,1.9389146645409083,6980,46.44412607449857,42.0,36,64,6980,21.996321896085767,26.78535649418831,13.974493366479871,29.13734428763389,6980,0.0758727165902578,0.06818,0.0061,0.2893196,6980,72.82930185181038,65.11153491900292,8.174537444933922,220.0648415977961,6980,74.94786410750247,66.75098594503882,10.71,273.32884623452907,6980,0.6645174310417221,0.6352179050445557,-0.1017477810382843,1.000000238418579,6980,0.17035485912450374,62
100,100,0.3,0.1,0.1,0.0315960395187856,0.0233783333333333,0.0004800433999999,0.1610210403999998,6970,296.5549242818267,331.9505929251959,11.741530837004404,636.49906488,6970,296.68830547200497,341.2317280386472,9.104223568281938,594.2433713800001,6970,0.8272485932058383,0.7600924959567993,0.3012622222304344,1.7597575366084386,6970,43.073170731707314,44.0,26,59,6970,43.349710913265454,50.93561451911926,27.948986732959742,58.27468857526779,6970,0.075628670502152,0.069185,0.0061,0.299685,6970,72.13284558371541,66.72812399966266,6.931528925619835,217.7921005509642,6970,77.06062845938344,67.16886196769457,7.470000000000001,292.7704761904762,6970,0.6630677369029035,0.6361483335494995,-0.1042836233973503,1.000000238418579,6970,0.16781053660411882,63
75,75,0.3,0.3,0.1,0.0349418325652214,0.0247152354,0.0004800433999999,0.1963606569999998,5250,282.66754110381424,312.71114706,11.187,609.17022922,5250,288.7561347310558,328.3140465512603,8.702197136563878,789.7456438999999,5250,0.8253097696061987,0.7162428951146835,0.2766415923833847,1.7315529532461689,5250,43.57142857142857,44.0,29,55,5250,58.59892801557268,71.42761731783548,37.26531564394633,77.69958476702372,5250,0.0781173460571428,0.067125,0.00595,0.3384882,5250,72.16854875472823,64.32341427799282,7.973524229074891,245.556178626473,5250,72.73788324361288,65.37209162145871,10.71,284.76932242500527,5250,0.6673313274818162,0.6402654647827148,-0.0911950170993805,1.000000238418579,5250,0.16554537244737286,64
75,100,0.1,0.1,0.1,0.0318453743949235,0.0250036977428571,0.0005002192,0.1578355897999999,5250,295.7525310906556,340.89530219999995,11.340000000000002,626.48901396,5250,296.7966662650508,333.4236072863436,9.023259911894272,625.43335152,5250,0.8245452353740683,0.7121183121971759,0.3453050143584416,1.9169516486091256,5250,39.285714285714285,41.0,24,48,5250,45.79546028988702,50.93561451911926,27.948986732959742,76.60668415307998,5250,0.0760310685714285,0.0686036,0.0058,0.2598368,5250,72.5515528265902,66.2662700925806,7.77251101321586,223.3890849625612,5250,75.24913046442333,65.76264364977575,10.44,293.6847368910203,5250,0.6592218970413364,0.6196430921554565,-0.0823015049099922,1.000000238418579,5250,0.1639563423180763,65
75,200,0.3,0.1,0.1,0.0336467593672904,0.0219639515999999,0.0005002192,0.178685127311111,5140,289.2541175146562,328.16275927000004,11.115,650.63523898,5140,293.5245421552134,327.34472302749543,9.023259911894272,756.3118016999999,5140,0.8240545673287456,0.7021627556283612,0.3018994634581194,1.938980307888329,5140,44.25291828793775,44.0,17,65,5140,20.0316734935523,17.73824551820755,10.648947241306304,29.13734428763389,5140,0.0777962429182879,0.0694664,0.0051,0.298785,5140,71.8100187073494,66.83047756041428,7.18206611570248,229.24486319947576,5140,73.0134468724459,65.80927526533951,7.740000000000001,320.0988231592196,5140,0.6572696861069004,0.6114513874053955,-0.090403139591217,1.000000238418579,5140,0.16195763936486662,66
75,200,0.1,0.1,0.1,0.0404966345047557,0.0303308413555555,0.0004800433999999,0.1900753945999998,5250,274.5797551060441,327.84208035,11.340000000000002,615.36768981,5250,269.75221150044484,293.2572669972247,9.023259911894272,657.53380434,5250,0.8381350147420419,0.7617061931406895,0.1700832817663316,1.9763535111689383,5250,43.285714285714285,47.0,25,65,5250,23.129673444713863,25.46780725955963,13.974493366479871,29.13734428763389,5250,0.0774299525714285,0.0678074999999999,0.00415,0.313425,5250,72.29689275718782,63.72522488205641,5.56136563876652,223.43060056839977,5250,74.06002463063257,62.9347619047619,7.470000000000001,313.18809523809523,5250,0.6693743110394904,0.6558732986450195,-0.0938917100429534,1.000000238418579,5250,0.16158315198642226,67
75,75,0.3,0.1,0.1,0.0339382391194859,0.0281216643999999,0.0004800433999999,0.1871419067999997,5250,289.06892942532943,326.63448109139915,11.115,650.63523898,5250,290.45627966351867,346.0572358333333,13.305907172995784,756.3118016999999,5250,0.8472490399071858,0.6912868113036217,0.3147747814655304,2.470565483166645,5250,41.142857142857146,41.0,29,54,5250,53.02715915634519,38.38122749328613,36.76603089968364,77.69958476702372,5250,0.0766038133714285,0.0685655,0.00595,0.2661272,5250,71.997935668504,65.65910926944323,7.973524229074891,222.14369834710743,5250,75.47157114667053,65.38619047619048,10.71,313.18809523809523,5250,0.6611924658742334,0.6453868746757507,-0.0988781377673149,1.000000238418579,5250,0.15877101845192246,68
200,75,0.3,0.1,0.1,0.0403975031097179,0.03608,0.0004800433999999,0.2197619897999999,13730,275.0515561137455,303.7548963491697,11.115,627.9710877,13730,275.7084363922717,328.01473044,8.199664096916301,685.1964779399999,13730,0.8734026906489123,0.8285078388656584,0.2720101922750473,1.9389146645409083,13730,61.21995630007283,59.0,35,97,13730,57.27008119005692,67.91415269215902,37.26531564394633,77.69958476702372,13730,0.0797484230298616,0.068105,0.00425,0.39147,13730,72.86788937488663,64.84196801869955,5.695374449339208,246.9185003661471,13730,77.25670400630281,67.30876651982379,7.740000000000001,320.0988231592196,13730,0.6776536517871512,0.6558732986450195,-0.090403139591217,1.000000238418579,13730,0.11962125138147538,69
100,75,0.1,0.3,0.1,0.0408019414564301,0.034864792,0.0005002192,0.2395148594,6860,278.340508319978,303.42158776,12.405964757709253,609.17022922,6860,285.6765470640559,319.2277678944248,9.023259911894272,657.53380434,6860,0.8193650390615566,0.6693054378032685,0.2404528695303025,1.8186575916628664,6860,45.61807580174927,40.0,28,71,6860,57.28597213469859,67.91415269215902,37.26531564394633,77.69958476702372,6860,0.0795988294169096,0.07232,0.0058,0.3348982,6860,74.05867358350058,67.24070283880357,7.77251101321586,265.01009829977795,6860,74.90719036313526,68.4111013215859,11.129867841409691,362.3662072582337,6860,0.6704073339427818,0.6528920829296112,-0.0892422720789909,1.000000238418579,6860,0.11772619055556335,70
200,200,0.3,0.1,0.1,0.0363510575072312,0.0258452274,0.0005150163999999,0.2972055946,14000,299.5037237432036,330.65142265000003,11.115,664.2205444399999,14000,297.50271273361653,350.4250916904272,8.199664096916301,590.00681406,14000,0.8679893901862137,0.7684331996748036,0.2681402462178368,2.376038197353296,14000,63.142857142857146,58.0,35,90,14000,21.58830188938549,25.46780725955963,13.974493366479871,29.13734428763389,14000,0.0797651551428571,0.06948,0.00425,0.3135046,14000,74.45661307512357,66.92646291660465,5.695374449339208,229.24486319947576,14000,75.87799298707851,66.7113924050633,7.740000000000001,295.66286553387874,14000,0.6682159883120496,0.6528589129447937,-0.090403139591217,1.000000238418579,14000,0.10480693613194988,71
75,75,0.1,0.1,0.1,0.0485401321900528,0.0348837199999999,0.0004800433999999,0.2237848142444444,5250,269.1042614650804,287.09120175000004,11.741530837004404,683.9631782399999,5250,286.05185820439584,308.8901931866454,8.442555066079297,830.0043137399999,5250,0.847086424013458,0.7077131803178239,0.3483221347565615,1.7597575366084386,5250,34.857142857142854,31.0,28,57,5250,63.10734388669332,67.91415269215902,37.53427143732706,102.14224553743998,5250,0.0833090390857142,0.071608,0.00415,0.3110696,5250,74.2076049497155,65.162363563549,5.56136563876652,231.62451884685868,5250,75.47735804207473,63.37111200951691,7.470000000000001,326.097619047619,5250,0.663373440779923,0.6353390216827393,-0.1155503541231155,1.000000238418579,5250,0.07335257142384224,72
